{
  "pdfCropperData": {
    "Physics": {
      "Physics Section 1(i)": {
        "1": {
          "que": 1,
          "type": "mcq",
          "pdfData": [
            {
              "x1": 36.484375,
              "x2": 543.484375,
              "y1": 88,
              "y2": 426,
              "page": 3
            },
            {
              "x1": 65.484375,
              "x2": 548.484375,
              "y1": 434,
              "y2": 510,
              "page": 3
            }
          ],
          "options": 4,
          "marks": {
            "cm": 4,
            "im": -1
          }
        },
        "2": {
          "que": 2,
          "type": "mcq",
          "pdfData": [
            {
              "x1": 65.484375,
              "x2": 548.484375,
              "y1": 510,
              "y2": 590,
              "page": 3
            }
          ],
          "options": 4,
          "marks": {
            "cm": 4,
            "im": -1
          }
        },
        "3": {
          "que": 3,
          "type": "mcq",
          "pdfData": [
            {
              "x1": 65.484375,
              "x2": 548.484375,
              "y1": 65,
              "y2": 166,
              "page": 4
            }
          ],
          "options": 4,
          "marks": {
            "cm": 4,
            "im": -1
          }
        },
        "4": {
          "que": 4,
          "type": "mcq",
          "pdfData": [
            {
              "x1": 65.484375,
              "x2": 548.484375,
              "y1": 166,
              "y2": 334,
              "page": 4
            }
          ],
          "options": 4,
          "marks": {
            "cm": 4,
            "im": -1
          }
        }
      },
      "Physics Section 1(ii)": {
        "5": {
          "que": 5,
          "type": "msq",
          "pdfData": [
            {
              "x1": 41.484375,
              "x2": 542.484375,
              "y1": 61,
              "y2": 359,
              "page": 5
            },
            {
              "x1": 68.484375,
              "x2": 545.484375,
              "y1": 365,
              "y2": 491,
              "page": 5
            }
          ],
          "options": 4,
          "marks": {
            "cm": 4,
            "pm": 0,
            "im": -1
          }
        },
        "6": {
          "que": 6,
          "type": "msq",
          "pdfData": [
            {
              "x1": 65.484375,
              "x2": 548.484375,
              "y1": 65,
              "y2": 230,
              "page": 6
            }
          ],
          "options": 4,
          "marks": {
            "cm": 4,
            "pm": 0,
            "im": -1
          }
        },
        "7": {
          "que": 7,
          "type": "msq",
          "pdfData": [
            {
              "x1": 65.484375,
              "x2": 548.484375,
              "y1": 381,
              "y2": 464,
              "page": 6
            }
          ],
          "options": 4,
          "marks": {
            "cm": 4,
            "pm": 0,
            "im": -1
          }
        },
        "8": {
          "que": 8,
          "type": "msq",
          "pdfData": [
            {
              "x1": 65.484375,
              "x2": 548.484375,
              "y1": 63,
              "y2": 338,
              "page": 7
            }
          ],
          "options": 4,
          "marks": {
            "cm": 4,
            "pm": 0,
            "im": -1
          }
        }
      },
      "Physics Section 1(iii)": {
        "9": {
          "que": 9,
          "type": "mcq",
          "pdfData": [
            {
              "x1": 47.484375,
              "x2": 525.484375,
              "y1": 61,
              "y2": 417,
              "page": 8
            },
            {
              "x1": 69.484375,
              "x2": 545.484375,
              "y1": 60,
              "y2": 268,
              "page": 9
            },
            {
              "x1": 70.484375,
              "x2": 542.484375,
              "y1": 267,
              "y2": 323,
              "page": 9
            }
          ],
          "options": 4,
          "marks": {
            "cm": 3,
            "im": -1
          }
        },
        "10": {
          "que": 10,
          "type": "mcq",
          "pdfData": [
            {
              "x1": 69.484375,
              "x2": 545.484375,
              "y1": 60,
              "y2": 268,
              "page": 9
            },
            {
              "x1": 68.484375,
              "x2": 548.484375,
              "y1": 381,
              "y2": 496,
              "page": 9
            }
          ],
          "options": 4,
          "marks": {
            "cm": 3,
            "im": -1
          }
        },
        "11": {
          "que": 11,
          "type": "mcq",
          "pdfData": [
            {
              "x1": 66.484375,
              "x2": 507.484375,
              "y1": 61,
              "y2": 289,
              "page": 10
            },
            {
              "x1": 66.484375,
              "x2": 507.484375,
              "y1": 288,
              "y2": 385,
              "page": 10
            }
          ],
          "options": 4,
          "marks": {
            "cm": 3,
            "im": -1
          }
        },
        "12": {
          "que": 12,
          "type": "mcq",
          "pdfData": [
            {
              "x1": 66.484375,
              "x2": 507.484375,
              "y1": 61,
              "y2": 289,
              "page": 10
            },
            {
              "x1": 66.484375,
              "x2": 507.484375,
              "y1": 385,
              "y2": 482,
              "page": 10
            }
          ],
          "options": 4,
          "marks": {
            "cm": 3,
            "im": -1
          }
        }
      },
      "Physics Section 3": {
        "13": {
          "que": 13,
          "type": "nat",
          "pdfData": [
            {
              "x1": 66.484375,
              "x2": 550.484375,
              "y1": 60,
              "y2": 358,
              "page": 11
            },
            {
              "x1": 66.484375,
              "x2": 551.484375,
              "y1": 364,
              "y2": 441,
              "page": 11
            }
          ],
          "marks": {
            "cm": 4,
            "im": -1
          }
        },
        "14": {
          "que": 14,
          "type": "nat",
          "pdfData": [
            {
              "x1": 66.484375,
              "x2": 551.484375,
              "y1": 62,
              "y2": 164,
              "page": 12
            }
          ],
          "marks": {
            "cm": 4,
            "im": -1
          }
        },
        "15": {
          "que": 15,
          "type": "nat",
          "pdfData": [
            {
              "x1": 66.484375,
              "x2": 551.484375,
              "y1": 164,
              "y2": 219,
              "page": 12
            }
          ],
          "marks": {
            "cm": 4,
            "im": -1
          }
        },
        "16": {
          "que": 16,
          "type": "nat",
          "pdfData": [
            {
              "x1": 66.484375,
              "x2": 551.484375,
              "y1": 219,
              "y2": 379,
              "page": 12
            }
          ],
          "marks": {
            "cm": 4,
            "im": -1
          }
        },
        "17": {
          "que": 17,
          "type": "nat",
          "pdfData": [
            {
              "x1": 66.484375,
              "x2": 551.484375,
              "y1": 61,
              "y2": 137,
              "page": 13
            }
          ],
          "marks": {
            "cm": 3,
            "im": -1
          }
        },
        "18": {
          "que": 18,
          "type": "nat",
          "pdfData": [
            {
              "x1": 66.484375,
              "x2": 551.484375,
              "y1": 137,
              "y2": 216,
              "page": 13
            }
          ],
          "marks": {
            "cm": 4,
            "im": -1
          }
        }
      }
    },
    "Chemistry": {
      "Chemistry Section 1(i)": {
        "19": {
          "que": 19,
          "type": "mcq",
          "pdfData": [
            {
              "x1": 37.484375,
              "x2": 531.484375,
              "y1": 115,
              "y2": 392,
              "page": 17
            },
            {
              "x1": 67.484375,
              "x2": 552.484375,
              "y1": 405,
              "y2": 654,
              "page": 17
            }
          ],
          "options": 4,
          "marks": {
            "cm": 3,
            "im": -1
          }
        },
        "20": {
          "que": 20,
          "type": "mcq",
          "pdfData": [
            {
              "x1": 67.484375,
              "x2": 552.484375,
              "y1": 63,
              "y2": 225,
              "page": 18
            }
          ],
          "options": 4,
          "marks": {
            "cm": 3,
            "im": -1
          }
        },
        "21": {
          "que": 21,
          "type": "mcq",
          "pdfData": [
            {
              "x1": 67.484375,
              "x2": 552.484375,
              "y1": 65,
              "y2": 150,
              "page": 19
            }
          ],
          "options": 4,
          "marks": {
            "cm": 3,
            "im": -1
          }
        },
        "22": {
          "que": 22,
          "type": "mcq",
          "pdfData": [
            {
              "x1": 67.484375,
              "x2": 552.484375,
              "y1": 239,
              "y2": 331,
              "page": 19
            }
          ],
          "options": 4,
          "marks": {
            "cm": 3,
            "im": -1
          }
        }
      },
      "Chemistry Section 1(ii)": {
        "23": {
          "que": 23,
          "type": "msq",
          "pdfData": [
            {
              "x1": 42.484375,
              "x2": 547.484375,
              "y1": 60,
              "y2": 359,
              "page": 20
            },
            {
              "x1": 66.484375,
              "x2": 548.484375,
              "y1": 364,
              "y2": 493,
              "page": 20
            }
          ],
          "options": 4,
          "marks": {
            "cm": 4,
            "pm": 0,
            "im": -1
          }
        },
        "24": {
          "que": 24,
          "type": "msq",
          "pdfData": [
            {
              "x1": 66.484375,
              "x2": 548.484375,
              "y1": 64,
              "y2": 197,
              "page": 21
            }
          ],
          "options": 4,
          "marks": {
            "cm": 4,
            "pm": 0,
            "im": -1
          }
        },
        "25": {
          "que": 25,
          "type": "msq",
          "pdfData": [
            {
              "x1": 66.484375,
              "x2": 548.484375,
              "y1": 65,
              "y2": 214,
              "page": 22
            }
          ],
          "options": 4,
          "marks": {
            "cm": 4,
            "pm": 0,
            "im": -1
          }
        },
        "26": {
          "que": 26,
          "type": "msq",
          "pdfData": [
            {
              "x1": 66.484375,
              "x2": 548.484375,
              "y1": 64,
              "y2": 215,
              "page": 23
            }
          ],
          "options": 4,
          "marks": {
            "cm": 4,
            "pm": 0,
            "im": -1
          }
        }
      },
      "Chemistry Section 1(iii)": {
        "27": {
          "que": 27,
          "type": "mcq",
          "pdfData": [
            {
              "x1": 41.484375,
              "x2": 526.484375,
              "y1": 65,
              "y2": 419,
              "page": 24
            },
            {
              "x1": 65.484375,
              "x2": 544.484375,
              "y1": 428,
              "y2": 573,
              "page": 24
            },
            {
              "x1": 68.484375,
              "x2": 545.484375,
              "y1": 575,
              "y2": 694,
              "page": 24
            }
          ],
          "options": 4,
          "marks": {
            "cm": 3,
            "im": -1
          }
        },
        "28": {
          "que": 28,
          "type": "mcq",
          "pdfData": [
            {
              "x1": 65.484375,
              "x2": 544.484375,
              "y1": 428,
              "y2": 573,
              "page": 24
            },
            {
              "x1": 68.484375,
              "x2": 545.484375,
              "y1": 64,
              "y2": 238,
              "page": 25
            }
          ],
          "options": 4,
          "marks": {
            "cm": 3,
            "im": -1
          }
        },
        "29": {
          "que": 29,
          "type": "mcq",
          "pdfData": [
            {
              "x1": 68.484375,
              "x2": 527.484375,
              "y1": 62,
              "y2": 144,
              "page": 26
            },
            {
              "x1": 68.484375,
              "x2": 547.484375,
              "y1": 145,
              "y2": 232,
              "page": 26
            }
          ],
          "options": 4,
          "marks": {
            "cm": 3,
            "im": -1
          }
        },
        "30": {
          "que": 30,
          "type": "mcq",
          "pdfData": [
            {
              "x1": 68.484375,
              "x2": 527.484375,
              "y1": 62,
              "y2": 144,
              "page": 26
            },
            {
              "x1": 68.484375,
              "x2": 547.484375,
              "y1": 232,
              "y2": 364,
              "page": 26
            }
          ],
          "options": 4,
          "marks": {
            "cm": 3,
            "im": -1
          }
        }
      },
      "Chemistry Section 3": {
        "31": {
          "que": 31,
          "type": "nat",
          "pdfData": [
            {
              "x1": 68.484375,
              "x2": 547.484375,
              "y1": 61,
              "y2": 372,
              "page": 27
            },
            {
              "x1": 68.484375,
              "x2": 547.484375,
              "y1": 376,
              "y2": 449,
              "page": 27
            }
          ],
          "marks": {
            "cm": 4,
            "im": -1
          }
        },
        "32": {
          "que": 32,
          "type": "nat",
          "pdfData": [
            {
              "x1": 68.484375,
              "x2": 547.484375,
              "y1": 64,
              "y2": 186,
              "page": 28
            }
          ],
          "marks": {
            "cm": 4,
            "im": -1
          }
        },
        "33": {
          "que": 33,
          "type": "nat",
          "pdfData": [
            {
              "x1": 68.484375,
              "x2": 547.484375,
              "y1": 290,
              "y2": 323,
              "page": 28
            }
          ],
          "marks": {
            "cm": 4,
            "im": -1
          }
        },
        "34": {
          "que": 34,
          "type": "nat",
          "pdfData": [
            {
              "x1": 68.484375,
              "x2": 547.484375,
              "y1": 370,
              "y2": 407,
              "page": 28
            }
          ],
          "marks": {
            "cm": 4,
            "im": -1
          }
        },
        "35": {
          "que": 35,
          "type": "nat",
          "pdfData": [
            {
              "x1": 68.484375,
              "x2": 547.484375,
              "y1": 62,
              "y2": 131,
              "page": 29
            }
          ],
          "marks": {
            "cm": 4,
            "im": -1
          }
        },
        "36": {
          "que": 36,
          "type": "nat",
          "pdfData": [
            {
              "x1": 68.484375,
              "x2": 547.484375,
              "y1": 206,
              "y2": 251,
              "page": 29
            }
          ],
          "marks": {
            "cm": 4,
            "im": -1
          }
        }
      }
    },
    "Mathematics": {
      "Mathematics Section 1(i)": {
        "37": {
          "que": 37,
          "type": "mcq",
          "pdfData": [
            {
              "x1": 70.484375,
              "x2": 549.484375,
              "y1": 63,
              "y2": 408,
              "page": 33
            },
            {
              "x1": 70.484375,
              "x2": 549.484375,
              "y1": 413,
              "y2": 522,
              "page": 33
            }
          ],
          "options": 4,
          "marks": {
            "cm": 3,
            "im": -1
          }
        },
        "38": {
          "que": 38,
          "type": "mcq",
          "pdfData": [
            {
              "x1": 70.484375,
              "x2": 549.484375,
              "y1": 65,
              "y2": 161,
              "page": 34
            }
          ],
          "options": 4,
          "marks": {
            "cm": 3,
            "im": -1
          }
        },
        "39": {
          "que": 39,
          "type": "mcq",
          "pdfData": [
            {
              "x1": 70.484375,
              "x2": 549.484375,
              "y1": 161,
              "y2": 254,
              "page": 34
            }
          ],
          "options": 4,
          "marks": {
            "cm": 3,
            "im": -1
          }
        },
        "40": {
          "que": 40,
          "type": "mcq",
          "pdfData": [
            {
              "x1": 70.484375,
              "x2": 549.484375,
              "y1": 254,
              "y2": 348,
              "page": 34
            }
          ],
          "options": 4,
          "marks": {
            "cm": 3,
            "im": -1
          }
        }
      },
      "Mathematics Section 1(ii)": {
        "41": {
          "que": 41,
          "type": "msq",
          "pdfData": [
            {
              "x1": 68.484375,
              "x2": 544.484375,
              "y1": 59,
              "y2": 357,
              "page": 35
            },
            {
              "x1": 68.484375,
              "x2": 544.484375,
              "y1": 362,
              "y2": 560,
              "page": 35
            }
          ],
          "options": 4,
          "marks": {
            "cm": 4,
            "pm": 0,
            "im": -1
          }
        },
        "42": {
          "que": 42,
          "type": "msq",
          "pdfData": [
            {
              "x1": 68.484375,
              "x2": 544.484375,
              "y1": 62,
              "y2": 169,
              "page": 36
            }
          ],
          "options": 4,
          "marks": {
            "cm": 4,
            "pm": 0,
            "im": -1
          }
        },
        "43": {
          "que": 43,
          "type": "msq",
          "pdfData": [
            {
              "x1": 68.484375,
              "x2": 544.484375,
              "y1": 169,
              "y2": 309,
              "page": 36
            }
          ],
          "options": 4,
          "marks": {
            "cm": 4,
            "pm": 0,
            "im": -1
          }
        },
        "44": {
          "que": 44,
          "type": "msq",
          "pdfData": [
            {
              "x1": 68.484375,
              "x2": 544.484375,
              "y1": 65,
              "y2": 196,
              "page": 37
            }
          ],
          "options": 4,
          "marks": {
            "cm": 4,
            "pm": 0,
            "im": -1
          }
        }
      },
      "Mathematics Section 1(iii)": {
        "45": {
          "que": 45,
          "type": "mcq",
          "pdfData": [
            {
              "x1": 73.484375,
              "x2": 521.484375,
              "y1": 59,
              "y2": 408,
              "page": 38
            },
            {
              "x1": 71.484375,
              "x2": 395.484375,
              "y1": 65,
              "y2": 185,
              "page": 39
            },
            {
              "x1": 69.484375,
              "x2": 405.484375,
              "y1": 276,
              "y2": 365,
              "page": 39
            }
          ],
          "options": 4,
          "marks": {
            "cm": 3,
            "im": -1
          }
        },
        "46": {
          "que": 46,
          "type": "mcq",
          "pdfData": [
            {
              "x1": 71.484375,
              "x2": 395.484375,
              "y1": 65,
              "y2": 185,
              "page": 39
            },
            {
              "x1": 69.484375,
              "x2": 405.484375,
              "y1": 365,
              "y2": 451,
              "page": 39
            }
          ],
          "options": 4,
          "marks": {
            "cm": 3,
            "im": -1
          }
        },
        "47": {
          "que": 47,
          "type": "mcq",
          "pdfData": [
            {
              "x1": 64.484375,
              "x2": 398.484375,
              "y1": 63,
              "y2": 124,
              "page": 40
            },
            {
              "x1": 58.484375,
              "x2": 354.484375,
              "y1": 142,
              "y2": 246,
              "page": 40
            }
          ],
          "options": 4,
          "marks": {
            "cm": 3,
            "im": -1
          }
        },
        "48": {
          "que": 48,
          "type": "mcq",
          "pdfData": [
            {
              "x1": 64.484375,
              "x2": 398.484375,
              "y1": 63,
              "y2": 124,
              "page": 40
            },
            {
              "x1": 70.484375,
              "x2": 366.484375,
              "y1": 249,
              "y2": 325,
              "page": 40
            }
          ],
          "options": 4,
          "marks": {
            "cm": 3,
            "im": -1
          }
        }
      },
      "Mathematics Section 3": {
        "49": {
          "que": 49,
          "type": "nat",
          "pdfData": [
            {
              "x1": 65.484375,
              "x2": 550.484375,
              "y1": 61,
              "y2": 358,
              "page": 41
            },
            {
              "x1": 65.484375,
              "x2": 550.484375,
              "y1": 362,
              "y2": 508,
              "page": 41
            }
          ],
          "marks": {
            "cm": 4,
            "im": -1
          }
        },
        "50": {
          "que": 50,
          "type": "nat",
          "pdfData": [
            {
              "x1": 65.484375,
              "x2": 550.484375,
              "y1": 60,
              "y2": 143,
              "page": 42
            }
          ],
          "marks": {
            "cm": 4,
            "im": -1
          }
        },
        "51": {
          "que": 51,
          "type": "nat",
          "pdfData": [
            {
              "x1": 65.484375,
              "x2": 550.484375,
              "y1": 143,
              "y2": 226,
              "page": 42
            }
          ],
          "marks": {
            "cm": 4,
            "im": -1
          }
        },
        "52": {
          "que": 52,
          "type": "nat",
          "pdfData": [
            {
              "x1": 65.484375,
              "x2": 550.484375,
              "y1": 226,
              "y2": 274,
              "page": 42
            }
          ],
          "marks": {
            "cm": 4,
            "im": -1
          }
        },
        "53": {
          "que": 53,
          "type": "nat",
          "pdfData": [
            {
              "x1": 65.484375,
              "x2": 550.484375,
              "y1": 62,
              "y2": 186,
              "page": 43
            }
          ],
          "marks": {
            "cm": 4,
            "im": -1
          }
        },
        "54": {
          "que": 54,
          "type": "nat",
          "pdfData": [
            {
              "x1": 65.484375,
              "x2": 550.484375,
              "y1": 186,
              "y2": 321,
              "page": 43
            }
          ],
          "marks": {
            "cm": 4,
            "im": -1
          }
        }
      }
    }
  },
  "pdfFileHash": "e202691d615e4f24552ace3b8dba8455c2b8e326c0a31bf72962067d7d4dadab",
  "testAnswerKey": {
    "Physics": {
      "Physics Section 1(i)": {
        "1": [
          3
        ],
        "2": [
          2
        ],
        "3": [
          2
        ],
        "4": [
          4
        ]
      },
      "Physics Section 1(ii)": {
        "5": [
          2,
          4
        ],
        "6": [
          1,
          4
        ],
        "7": [
          1,
          2,
          3
        ],
        "8": [
          1,
          2,
          3
        ]
      },
      "Physics Section 1(iii)": {
        "9": [
          1
        ],
        "10": [
          1
        ],
        "11": [
          2
        ],
        "12": [
          2
        ]
      },
      "Physics Section 3": {
        "13": "5",
        "14": "5",
        "15": "2",
        "16": "5",
        "17": "7",
        "18": "3"
      }
    },
    "Chemistry": {
      "Chemistry Section 1(i)": {
        "19": [
          3
        ],
        "20": [
          2
        ],
        "21": [
          1
        ],
        "22": [
          4
        ]
      },
      "Chemistry Section 1(ii)": {
        "23": [
          2,
          4
        ],
        "24": [
          2,
          3
        ],
        "25": [
          1,
          3,
          4
        ],
        "26": [
          2,
          3
        ]
      },
      "Chemistry Section 1(iii)": {
        "27": [
          1
        ],
        "28": [
          2
        ],
        "29": [
          3
        ],
        "30": [
          3
        ]
      },
      "Chemistry Section 3": {
        "31": "8",
        "32": "3",
        "33": "5",
        "34": "3",
        "35": "3",
        "36": "4"
      }
    },
    "Mathematics": {
      "Mathematics Section 1(i)": {
        "37": [
          3
        ],
        "38": [
          4
        ],
        "39": [
          1
        ],
        "40": [
          2
        ]
      },
      "Mathematics Section 1(ii)": {
        "41": [
          1,
          2
        ],
        "42": [
          2,
          3
        ],
        "43": [
          1,
          2,
          3,
          4
        ],
        "44": [
          1,
          2,
          4
        ]
      },
      "Mathematics Section 1(iii)": {
        "45": [
          1
        ],
        "46": [
          4
        ],
        "47": [
          2
        ],
        "48": [
          1
        ]
      },
      "Mathematics Section 3": {
        "49": "5",
        "50": "7",
        "51": "2",
        "52": "2",
        "53": "2",
        "54": "7"
      }
    }
  }
}