{
  "pdfCropperData": {
    "Mathematics": {
      "Mathematics": {
        "1": {
          "que": 1,
          "type": "mcq",
          "pdfData": [
            {
              "x1": 66.640625,
              "x2": 261.640625,
              "y1": 217,
              "y2": 300,
              "page": 5
            }
          ],
          "options": 4,
          "marks": {
            "cm": 4,
            "im": -1
          }
        },
        "2": {
          "que": 2,
          "type": "mcq",
          "pdfData": [
            {
              "x1": 66.640625,
              "x2": 261.640625,
              "y1": 300,
              "y2": 410,
              "page": 5
            }
          ],
          "options": 4,
          "marks": {
            "cm": 4,
            "im": -1
          }
        },
        "3": {
          "que": 3,
          "type": "mcq",
          "pdfData": [
            {
              "x1": 66.640625,
              "x2": 261.640625,
              "y1": 448,
              "y2": 607,
              "page": 5
            }
          ],
          "options": 4,
          "marks": {
            "cm": 4,
            "im": -1
          }
        },
        "4": {
          "que": 4,
          "type": "mcq",
          "pdfData": [
            {
              "x1": 66.640625,
              "x2": 261.640625,
              "y1": 607,
              "y2": 690,
              "page": 5
            }
          ],
          "options": 4,
          "marks": {
            "cm": 4,
            "im": -1
          }
        },
        "5": {
          "que": 5,
          "type": "mcq",
          "pdfData": [
            {
              "x1": 264.640625,
              "x2": 468.640625,
              "y1": 103,
              "y2": 221,
              "page": 5
            }
          ],
          "options": 4,
          "marks": {
            "cm": 4,
            "im": -1
          }
        },
        "6": {
          "que": 6,
          "type": "mcq",
          "pdfData": [
            {
              "x1": 264.640625,
              "x2": 468.640625,
              "y1": 221,
              "y2": 328,
              "page": 5
            }
          ],
          "options": 4,
          "marks": {
            "cm": 4,
            "im": -1
          }
        },
        "7": {
          "que": 7,
          "type": "mcq",
          "pdfData": [
            {
              "x1": 264.640625,
              "x2": 468.640625,
              "y1": 328,
              "y2": 437,
              "page": 5
            }
          ],
          "options": 4,
          "marks": {
            "cm": 4,
            "im": -1
          }
        },
        "8": {
          "que": 8,
          "type": "mcq",
          "pdfData": [
            {
              "x1": 264.640625,
              "x2": 468.640625,
              "y1": 437,
              "y2": 544,
              "page": 5
            }
          ],
          "options": 4,
          "marks": {
            "cm": 4,
            "im": -1
          }
        },
        "9": {
          "que": 9,
          "type": "mcq",
          "pdfData": [
            {
              "x1": 264.640625,
              "x2": 468.640625,
              "y1": 544,
              "y2": 686,
              "page": 5
            }
          ],
          "options": 4,
          "marks": {
            "cm": 4,
            "im": -1
          }
        },
        "10": {
          "que": 10,
          "type": "mcq",
          "pdfData": [
            {
              "x1": 69.640625,
              "x2": 251.640625,
              "y1": 46,
              "y2": 141,
              "page": 6
            }
          ],
          "options": 4,
          "marks": {
            "cm": 4,
            "im": -1
          }
        },
        "11": {
          "que": 11,
          "type": "mcq",
          "pdfData": [
            {
              "x1": 69.640625,
              "x2": 251.640625,
              "y1": 141,
              "y2": 252,
              "page": 6
            }
          ],
          "options": 4,
          "marks": {
            "cm": 4,
            "im": -1
          }
        },
        "12": {
          "que": 12,
          "type": "mcq",
          "pdfData": [
            {
              "x1": 69.640625,
              "x2": 251.640625,
              "y1": 252,
              "y2": 377,
              "page": 6
            }
          ],
          "options": 4,
          "marks": {
            "cm": 4,
            "im": -1
          }
        },
        "13": {
          "que": 13,
          "type": "mcq",
          "pdfData": [
            {
              "x1": 69.640625,
              "x2": 251.640625,
              "y1": 377,
              "y2": 515,
              "page": 6
            }
          ],
          "options": 4,
          "marks": {
            "cm": 4,
            "im": -1
          }
        },
        "14": {
          "que": 14,
          "type": "mcq",
          "pdfData": [
            {
              "x1": 69.640625,
              "x2": 251.640625,
              "y1": 548,
              "y2": 688,
              "page": 6
            }
          ],
          "options": 4,
          "marks": {
            "cm": 4,
            "im": -1
          }
        },
        "15": {
          "que": 15,
          "type": "mcq",
          "pdfData": [
            {
              "x1": 294.640625,
              "x2": 484.640625,
              "y1": 45,
              "y2": 162,
              "page": 6
            }
          ],
          "options": 4,
          "marks": {
            "cm": 4,
            "im": -1
          }
        },
        "16": {
          "que": 16,
          "type": "mcq",
          "pdfData": [
            {
              "x1": 294.640625,
              "x2": 484.640625,
              "y1": 162,
              "y2": 331,
              "page": 6
            }
          ],
          "options": 4,
          "marks": {
            "cm": 4,
            "im": -1
          }
        },
        "17": {
          "que": 17,
          "type": "mcq",
          "pdfData": [
            {
              "x1": 294.640625,
              "x2": 484.640625,
              "y1": 372,
              "y2": 464,
              "page": 6
            }
          ],
          "options": 4,
          "marks": {
            "cm": 4,
            "im": -1
          }
        },
        "18": {
          "que": 18,
          "type": "mcq",
          "pdfData": [
            {
              "x1": 294.640625,
              "x2": 484.640625,
              "y1": 464,
              "y2": 569,
              "page": 6
            }
          ],
          "options": 4,
          "marks": {
            "cm": 4,
            "im": -1
          }
        },
        "19": {
          "que": 19,
          "type": "mcq",
          "pdfData": [
            {
              "x1": 294.640625,
              "x2": 484.640625,
              "y1": 569,
              "y2": 691,
              "page": 6
            }
          ],
          "options": 4,
          "marks": {
            "cm": 4,
            "im": -1
          }
        },
        "20": {
          "que": 20,
          "type": "mcq",
          "pdfData": [
            {
              "x1": 69.640625,
              "x2": 261.640625,
              "y1": 47,
              "y2": 213,
              "page": 7
            }
          ],
          "options": 4,
          "marks": {
            "cm": 4,
            "im": -1
          }
        },
        "21": {
          "que": 21,
          "type": "mcq",
          "pdfData": [
            {
              "x1": 69.640625,
              "x2": 261.640625,
              "y1": 213,
              "y2": 377,
              "page": 7
            }
          ],
          "options": 4,
          "marks": {
            "cm": 4,
            "im": -1
          }
        },
        "22": {
          "que": 22,
          "type": "mcq",
          "pdfData": [
            {
              "x1": 69.640625,
              "x2": 261.640625,
              "y1": 377,
              "y2": 522,
              "page": 7
            }
          ],
          "options": 4,
          "marks": {
            "cm": 4,
            "im": -1
          }
        },
        "23": {
          "que": 23,
          "type": "mcq",
          "pdfData": [
            {
              "x1": 69.640625,
              "x2": 261.640625,
              "y1": 564,
              "y2": 679,
              "page": 7
            }
          ],
          "options": 4,
          "marks": {
            "cm": 4,
            "im": -1
          }
        },
        "24": {
          "que": 24,
          "type": "mcq",
          "pdfData": [
            {
              "x1": 294.640625,
              "x2": 488.640625,
              "y1": 47,
              "y2": 165,
              "page": 7
            }
          ],
          "options": 4,
          "marks": {
            "cm": 4,
            "im": -1
          }
        },
        "25": {
          "que": 25,
          "type": "mcq",
          "pdfData": [
            {
              "x1": 294.640625,
              "x2": 488.640625,
              "y1": 165,
              "y2": 305,
              "page": 7
            }
          ],
          "options": 4,
          "marks": {
            "cm": 4,
            "im": -1
          }
        },
        "26": {
          "que": 26,
          "type": "mcq",
          "pdfData": [
            {
              "x1": 294.640625,
              "x2": 488.640625,
              "y1": 305,
              "y2": 419,
              "page": 7
            }
          ],
          "options": 4,
          "marks": {
            "cm": 4,
            "im": -1
          }
        },
        "27": {
          "que": 27,
          "type": "mcq",
          "pdfData": [
            {
              "x1": 294.640625,
              "x2": 488.640625,
              "y1": 419,
              "y2": 561,
              "page": 7
            }
          ],
          "options": 4,
          "marks": {
            "cm": 4,
            "im": -1
          }
        },
        "28": {
          "que": 28,
          "type": "mcq",
          "pdfData": [
            {
              "x1": 294.640625,
              "x2": 488.640625,
              "y1": 614,
              "y2": 692,
              "page": 7
            }
          ],
          "options": 4,
          "marks": {
            "cm": 4,
            "im": -1
          }
        },
        "29": {
          "que": 29,
          "type": "mcq",
          "pdfData": [
            {
              "x1": 70.640625,
              "x2": 259.640625,
              "y1": 44,
              "y2": 150,
              "page": 8
            }
          ],
          "options": 4,
          "marks": {
            "cm": 4,
            "im": -1
          }
        },
        "30": {
          "que": 30,
          "type": "mcq",
          "pdfData": [
            {
              "x1": 70.640625,
              "x2": 259.640625,
              "y1": 150,
              "y2": 274,
              "page": 8
            }
          ],
          "options": 4,
          "marks": {
            "cm": 4,
            "im": -1
          }
        },
        "31": {
          "que": 31,
          "type": "mcq",
          "pdfData": [
            {
              "x1": 70.640625,
              "x2": 259.640625,
              "y1": 274,
              "y2": 370,
              "page": 8
            }
          ],
          "options": 4,
          "marks": {
            "cm": 4,
            "im": -1
          }
        },
        "32": {
          "que": 32,
          "type": "mcq",
          "pdfData": [
            {
              "x1": 70.640625,
              "x2": 259.640625,
              "y1": 370,
              "y2": 604,
              "page": 8
            }
          ],
          "options": 4,
          "marks": {
            "cm": 4,
            "im": -1
          }
        },
        "33": {
          "que": 33,
          "type": "mcq",
          "pdfData": [
            {
              "x1": 70.640625,
              "x2": 259.640625,
              "y1": 604,
              "y2": 690,
              "page": 8
            }
          ],
          "options": 4,
          "marks": {
            "cm": 4,
            "im": -1
          }
        },
        "34": {
          "que": 34,
          "type": "mcq",
          "pdfData": [
            {
              "x1": 291.640625,
              "x2": 485.640625,
              "y1": 44,
              "y2": 127,
              "page": 8
            }
          ],
          "options": 4,
          "marks": {
            "cm": 4,
            "im": -1
          }
        },
        "35": {
          "que": 35,
          "type": "mcq",
          "pdfData": [
            {
              "x1": 291.640625,
              "x2": 485.640625,
              "y1": 127,
              "y2": 275,
              "page": 8
            }
          ],
          "options": 4,
          "marks": {
            "cm": 4,
            "im": -1
          }
        },
        "36": {
          "que": 36,
          "type": "mcq",
          "pdfData": [
            {
              "x1": 291.640625,
              "x2": 485.640625,
              "y1": 275,
              "y2": 425,
              "page": 8
            }
          ],
          "options": 4,
          "marks": {
            "cm": 4,
            "im": -1
          }
        },
        "37": {
          "que": 37,
          "type": "mcq",
          "pdfData": [
            {
              "x1": 291.640625,
              "x2": 485.640625,
              "y1": 425,
              "y2": 521,
              "page": 8
            }
          ],
          "options": 4,
          "marks": {
            "cm": 4,
            "im": -1
          }
        },
        "38": {
          "que": 38,
          "type": "mcq",
          "pdfData": [
            {
              "x1": 291.640625,
              "x2": 485.640625,
              "y1": 558,
              "y2": 688,
              "page": 8
            }
          ],
          "options": 4,
          "marks": {
            "cm": 4,
            "im": -1
          }
        },
        "39": {
          "que": 39,
          "type": "mcq",
          "pdfData": [
            {
              "x1": 70.640625,
              "x2": 259.640625,
              "y1": 48,
              "y2": 174,
              "page": 9
            }
          ],
          "options": 4,
          "marks": {
            "cm": 4,
            "im": -1
          }
        },
        "40": {
          "que": 40,
          "type": "mcq",
          "pdfData": [
            {
              "x1": 265.640625,
              "x2": 479.640625,
              "y1": 44,
              "y2": 192,
              "page": 9
            }
          ],
          "options": 4,
          "marks": {
            "cm": 4,
            "im": -1
          }
        }
      }
    }
  },
  "pdfFileHash": "308a509c4d20ed68ad65ef5038a3e02de6cb97b0c02a77784ce320d55a2fe7b8",
  "testAnswerKey": {
    "Mathematics": {
      "Mathematics": {
        "1": [
          4
        ],
        "2": [
          3
        ],
        "3": [
          1
        ],
        "4": [
          2
        ],
        "5": [
          3
        ],
        "6": [
          4
        ],
        "7": [
          4
        ],
        "8": [
          4
        ],
        "9": [
          2
        ],
        "10": [
          1
        ],
        "11": [
          3
        ],
        "12": [
          2
        ],
        "13": [
          3
        ],
        "14": [
          3
        ],
        "15": [
          3
        ],
        "16": [
          1
        ],
        "17": [
          4
        ],
        "18": [
          2
        ],
        "19": [
          1
        ],
        "20": [
          3
        ],
        "21": [
          3
        ],
        "22": [
          3
        ],
        "23": [
          1
        ],
        "24": [
          2
        ],
        "25": [
          2
        ],
        "26": [
          2
        ],
        "27": [
          1
        ],
        "28": [
          2
        ],
        "29": [
          4
        ],
        "30": [
          3
        ],
        "31": [
          4
        ],
        "32": [
          3
        ],
        "33": [
          2
        ],
        "34": [
          2
        ],
        "35": [
          2
        ],
        "36": [
          2
        ],
        "37": [
          4
        ],
        "38": [
          3
        ],
        "39": [
          2
        ],
        "40": [
          4
        ]
      }
    }
  }
}