{
  "pdfCropperData": {
    "Mathematics": {
      "Mathematics": {
        "1": {
          "que": 1,
          "type": "mcq",
          "pdfData": [
            {
              "x1": 62.640625,
              "x2": 261.640625,
              "y1": 549,
              "y2": 689,
              "page": 13
            }
          ],
          "options": 4,
          "marks": {
            "cm": 4,
            "im": -1
          }
        },
        "2": {
          "que": 2,
          "type": "mcq",
          "pdfData": [
            {
              "x1": 289.640625,
              "x2": 432.640625,
              "y1": 431,
              "y2": 571,
              "page": 13
            }
          ],
          "options": 4,
          "marks": {
            "cm": 4,
            "im": -1
          }
        },
        "3": {
          "que": 3,
          "type": "mcq",
          "pdfData": [
            {
              "x1": 292.640625,
              "x2": 473.640625,
              "y1": 587,
              "y2": 693,
              "page": 13
            }
          ],
          "options": 4,
          "marks": {
            "cm": 4,
            "im": -1
          }
        },
        "4": {
          "que": 4,
          "type": "mcq",
          "pdfData": [
            {
              "x1": 72.640625,
              "x2": 257.640625,
              "y1": 43,
              "y2": 157,
              "page": 14
            }
          ],
          "options": 4,
          "marks": {
            "cm": 4,
            "im": -1
          }
        },
        "5": {
          "que": 5,
          "type": "mcq",
          "pdfData": [
            {
              "x1": 72.640625,
              "x2": 257.640625,
              "y1": 157,
              "y2": 271,
              "page": 14
            }
          ],
          "options": 4,
          "marks": {
            "cm": 4,
            "im": -1
          }
        },
        "6": {
          "que": 6,
          "type": "mcq",
          "pdfData": [
            {
              "x1": 72.640625,
              "x2": 257.640625,
              "y1": 271,
              "y2": 451,
              "page": 14
            }
          ],
          "options": 4,
          "marks": {
            "cm": 4,
            "im": -1
          }
        },
        "7": {
          "que": 7,
          "type": "mcq",
          "pdfData": [
            {
              "x1": 72.640625,
              "x2": 257.640625,
              "y1": 451,
              "y2": 692,
              "page": 14
            }
          ],
          "options": 4,
          "marks": {
            "cm": 4,
            "im": -1
          }
        },
        "8": {
          "que": 8,
          "type": "mcq",
          "pdfData": [
            {
              "x1": 294.640625,
              "x2": 482.640625,
              "y1": 42,
              "y2": 184,
              "page": 14
            }
          ],
          "options": 4,
          "marks": {
            "cm": 4,
            "im": -1
          }
        },
        "9": {
          "que": 9,
          "type": "mcq",
          "pdfData": [
            {
              "x1": 294.640625,
              "x2": 482.640625,
              "y1": 184,
              "y2": 337,
              "page": 14
            }
          ],
          "options": 4,
          "marks": {
            "cm": 4,
            "im": -1
          }
        },
        "10": {
          "que": 10,
          "type": "mcq",
          "pdfData": [
            {
              "x1": 294.640625,
              "x2": 482.640625,
              "y1": 337,
              "y2": 471,
              "page": 14
            }
          ],
          "options": 4,
          "marks": {
            "cm": 4,
            "im": -1
          }
        },
        "11": {
          "que": 11,
          "type": "mcq",
          "pdfData": [
            {
              "x1": 294.640625,
              "x2": 482.640625,
              "y1": 471,
              "y2": 683,
              "page": 14
            }
          ],
          "options": 4,
          "marks": {
            "cm": 4,
            "im": -1
          }
        },
        "12": {
          "que": 12,
          "type": "mcq",
          "pdfData": [
            {
              "x1": 71.640625,
              "x2": 256.640625,
              "y1": 43,
              "y2": 157,
              "page": 15
            }
          ],
          "options": 4,
          "marks": {
            "cm": 4,
            "im": -1
          }
        },
        "13": {
          "que": 13,
          "type": "mcq",
          "pdfData": [
            {
              "x1": 71.640625,
              "x2": 256.640625,
              "y1": 157,
              "y2": 264,
              "page": 15
            }
          ],
          "options": 4,
          "marks": {
            "cm": 4,
            "im": -1
          }
        },
        "14": {
          "que": 14,
          "type": "mcq",
          "pdfData": [
            {
              "x1": 71.640625,
              "x2": 256.640625,
              "y1": 264,
              "y2": 384,
              "page": 15
            }
          ],
          "options": 4,
          "marks": {
            "cm": 4,
            "im": -1
          }
        },
        "15": {
          "que": 15,
          "type": "mcq",
          "pdfData": [
            {
              "x1": 71.640625,
              "x2": 256.640625,
              "y1": 384,
              "y2": 496,
              "page": 15
            }
          ],
          "options": 4,
          "marks": {
            "cm": 4,
            "im": -1
          }
        },
        "16": {
          "que": 16,
          "type": "mcq",
          "pdfData": [
            {
              "x1": 71.640625,
              "x2": 256.640625,
              "y1": 496,
              "y2": 692,
              "page": 15
            }
          ],
          "options": 4,
          "marks": {
            "cm": 4,
            "im": -1
          }
        },
        "17": {
          "que": 17,
          "type": "mcq",
          "pdfData": [
            {
              "x1": 293.640625,
              "x2": 481.640625,
              "y1": 43,
              "y2": 200,
              "page": 15
            }
          ],
          "options": 4,
          "marks": {
            "cm": 4,
            "im": -1
          }
        },
        "18": {
          "que": 18,
          "type": "mcq",
          "pdfData": [
            {
              "x1": 293.640625,
              "x2": 481.640625,
              "y1": 200,
              "y2": 323,
              "page": 15
            }
          ],
          "options": 4,
          "marks": {
            "cm": 4,
            "im": -1
          }
        },
        "19": {
          "que": 19,
          "type": "mcq",
          "pdfData": [
            {
              "x1": 293.640625,
              "x2": 481.640625,
              "y1": 323,
              "y2": 468,
              "page": 15
            }
          ],
          "options": 4,
          "marks": {
            "cm": 4,
            "im": -1
          }
        },
        "20": {
          "que": 20,
          "type": "mcq",
          "pdfData": [
            {
              "x1": 293.640625,
              "x2": 481.640625,
              "y1": 468,
              "y2": 564,
              "page": 15
            }
          ],
          "options": 4,
          "marks": {
            "cm": 4,
            "im": -1
          }
        },
        "21": {
          "que": 21,
          "type": "mcq",
          "pdfData": [
            {
              "x1": 293.640625,
              "x2": 481.640625,
              "y1": 564,
              "y2": 690,
              "page": 15
            }
          ],
          "options": 4,
          "marks": {
            "cm": 4,
            "im": -1
          }
        }
      }
    }
  },
  "pdfFileHash": "308a509c4d20ed68ad65ef5038a3e02de6cb97b0c02a77784ce320d55a2fe7b8",
  "testAnswerKey": {
    "Mathematics": {
      "Mathematics": {
        "1": [
          1
        ],
        "2": [
          2
        ],
        "3": [
          4
        ],
        "4": [
          1
        ],
        "5": [
          3
        ],
        "6": [
          4
        ],
        "7": [
          1
        ],
        "8": [
          3
        ],
        "9": [
          2
        ],
        "10": [
          1
        ],
        "11": [
          3
        ],
        "12": [
          4
        ],
        "13": [
          3
        ],
        "14": [
          3
        ],
        "15": [
          1
        ],
        "16": [
          4
        ],
        "17": [
          1
        ],
        "18": [
          4
        ],
        "19": [
          1
        ],
        "20": [
          4
        ],
        "21": [
          2
        ]
      }
    }
  }
}